ID,名前,値,住所,メールアドレス,F,G,H
1,name001,16503,,,,,
2,name002,19586,fa,,,,faaaa
3,name003,51153,,,,,
4,name004,31785,,,,,
5,name005,21346,,,,,
6,name006,7194,,,,,
7,name007,43627,,,,,
8,name008,19843,foo,hogehogefoofoo@gmail.com,,,
9,name009,65032,,,,,
10,name010,1681,fa,fa,fa,fa,fo
11,name011,4522,,,,,
12,name012,90126,,,,,
13,name013,40804,,,,,
14,name014,89288,,,,,
15,name015,25087,,,,,
16,name016,76368,,,,,
17,name017,75555,,,,,
18,name018,51238,,,,,
19,name019,13726,,,,,
20,name020,73583,,,,,
21,name021,38093,,,,,
22,name022,45752,,,,,
23,name023,94324,,,,,
24,name024,88734,,,,,
25,name025,20850,,,,,
26,name026,1425,,,,,
27,name027,36512,,,,,
28,name028,78809,,,,,
29,name029,9417,,,,,
30,name030,92681,,,,,
